title,media,date,,
"[사진]헤인즈, '어려운 각도에서도 문제 없어!'",OSEN,2018-01-09 19:29,,
[포토뉴스] 풍부한 과실향 '동빙고 맥주' 출시,부산일보,2018-01-09 19:29,,
"SRT 설 열차권 예매, 1월 23~24일 진행",부산일보,2018-01-09 19:29,,
시중 화폐잔액 80%가 '5만 원권',부산일보,2018-01-09 19:29,,
삼성전자 영업익 50조 원 첫 돌파,부산일보,2018-01-09 19:29,,
개성공단비대위 '공장 재가동' 실낱 희망,부산일보,2018-01-09 19:29,,
코스닥 성장펀드 3000억 조성,부산일보,2018-01-09 19:29,,
"치킨업계, 가격 인상 카드 '만지작'",부산일보,2018-01-09 19:29,,
"BNK금융지주, 하이투자증권 인수자로 나서나",부산일보,2018-01-09 19:29,,
[포토뉴스] 콜라캔으로 만든 여신상,부산일보,2018-01-09 19:29,,
"""이 분위기, 고혹적""…한예슬, 여배우의 품격 [화보]",스포츠조선,2018-01-09 19:29,,
기본급 5만원 인상… 한국GM 임금협상 타결,한국경제,2018-01-09 19:29,,
롯데제과 새 대표에 민명기,한국경제,2018-01-09 19:29,,
휘발유·고철·소… 베네수엘라 밀수출 '기승',한국경제,2018-01-09 19:29,,
‘외부자들’ 안민석 “다스는 홍길동 것···父를 父라고 못 부르니까”,서울경제,2018-01-09 19:29,,
"[CES 2018]인텔 CEO ""데이터 중심 기술혁신 선보일 것""",아이뉴스24,2018-01-09 19:29,,
무연고 유골 4만여기 무주 야산 묘원 창고에 방치,세계일보,2018-01-09 19:29,,
"경찰, 대공수사권 이관 관련…“인권침해 우려 불식시킬 것”",세계일보,2018-01-09 19:29,,
‘한국투자증권 챔피언십 with SBS골프’ 조인식,파이낸셜뉴스,2018-01-09 19:28,,
"볼빅, 황금 개띠 캐릭터 골프공 세트 출시",파이낸셜뉴스,2018-01-09 19:28,,
가출 청소년 성폭행하고 신고하자 또 보복폭행,세계일보,2018-01-09 19:32,,
한국GM 임금협상 9개월만에 타결,파이낸셜뉴스,2018-01-09 19:32,,
삼성물산 관리형 발탁…조직안정에 무게,매일경제,2018-01-09 19:32,,
쿠퍼 駐韓 미해군사령관에 보국훈장 천수장 수여,국민일보,2018-01-09 19:32,,
하청사 기술 유용은 불법 행위,국민일보,2018-01-09 19:32,,
"저평가 코스닥 기업 집중 육성, 3000억 스케일업 펀드 만든다",국민일보,2018-01-09 19:32,,
"‘北, 회담 준비 많이 했네’… 서해 軍통신선 전격 복원 의미",국민일보,2018-01-09 19:32,,
[단독]'사퇴 압력설' 시달리는 전·현직 UNIST 총장,시사저널,2018-01-09 19:32,,
"'이바나 맹활약' 도로공사, GS칼텍스에 '진땀승' 선두 유지",스포티비뉴스,2018-01-09 19:32,,
"[포토] SK 화이트, 예술같은...원핸드 덩크슛~!",스포츠서울,2018-01-09 19:32,,
"전남 완도군, 지역개발사업 3건 국비 150억원 확보",머니S,2018-01-09 19:32,,
[프로배구 서울전적] 한국도로공사 3-2 GS칼텍스,연합뉴스,2018-01-09 19:32,,
"남북, 수석대표 포함 '3대3' 접촉 20분만에 종료",연합뉴스,2018-01-09 19:32,,
"KBL, 추일승 감독에 제재금 100만원 부과…주심도 징계",엑스포츠뉴스,2018-01-09 19:32,,
[오늘의 운세 나침반]2018년 1월 10일,스포츠경향,2018-01-09 19:31,,
"공효진, 공블리의 스타일리시 화보 재조명",데일리안,2018-01-09 19:31,,
역사 속으로 저물어가는 세실극장,여성신문,2018-01-09 19:31,,
BRITAIN GOVERNMENT CABINET MEETING,EPA연합뉴스,2018-01-09 19:31,,
AUSTRIA JUSTICE CORRUPTION TRIAL,EPA연합뉴스,2018-01-09 19:31,,
AUSTRIA JUSTICE CORRUPTION TRIAL,EPA연합뉴스,2018-01-09 19:31,,
삼성물산 사장단 인사 단행,국민일보,2018-01-09 19:34,,
“흑인 소년에 ‘정글 원숭이’… 상처 입은 모든 이들에 죄송”,국민일보,2018-01-09 19:34,,
"[포토] SK 김민수, 수비를 피하는...백슛!",스포츠서울,2018-01-09 19:34,,
사천 무인항공기 제조 공장서 불…직원 2명 화상,연합뉴스,2018-01-09 19:34,,
불 밝힌 평화의 집,연합뉴스,2018-01-09 19:34,,
"토트넘 윙어 은쿠두, 번리로 단기 임대 임박",스포탈코리아,2018-01-09 19:33,,
"동아투위, 청와대에 ‘동아사태’ 국민청원",기자협회보,2018-01-09 19:33,,
"중국 언론 ""남북 고위급 회담으로 한반도 정세에 서광""",연합뉴스,2018-01-09 19:33,,
BRITAIN GOVERNMENT CABINET MEETING,EPA연합뉴스,2018-01-09 19:33,,
BRITAIN GOVERNMENT CABINET MEETING,EPA연합뉴스,2018-01-09 19:33,,
BRITAIN GOVERNMENT CABINET MEETING,EPA연합뉴스,2018-01-09 19:33,,
경남도 신년인사회,부산일보,2018-01-09 19:33,,
30인 미만 사업장에 일자리안정자금,부산일보,2018-01-09 19:33,,
하동군에 분만시설 갖춘 산부인과 개원,부산일보,2018-01-09 19:33,,
"경찰청, '상사 갑질·음해' 주장 1인 시위 여경 사건 재조사",부산일보,2018-01-09 19:33,,
검·경 수사 칼날에 공직사회 '초긴장',부산일보,2018-01-09 19:33,,
"""딸 납치했다"" 6천만 원 뜯어낸 보이스피싱범 검거",부산일보,2018-01-09 19:33,,
"통영 LNG 발전소, 성동조선 살리는 일석이조 될까",부산일보,2018-01-09 19:33,,
창원단감테마공원 '제일 잘나가네~',부산일보,2018-01-09 19:33,,
"밀양, 농촌 주택·빈집 ""살기 좋게 만들어요""",부산일보,2018-01-09 19:33,,
오늘의 주요뉴스,MBC 뉴스,2018-01-09 21:00,,
INDIA PHOTO ESSAY YAMUNA RIVER POLLUTION,EPA연합뉴스,2018-01-09 20:04,,
Homes-NerdWallet-Homeowner Resolutions,AP연합뉴스,2018-01-09 20:04,,
"[HD영상] '걸그룹의 걸그룹' 오마이걸 ""트와이스 좋아합니다""",조선일보,2018-01-09 20:04,,
"윤원철 전 청와대 행정관, 신임 충남도 정무부지사로 내정",이데일리,2018-01-09 20:04,,
[취업문 여는 한경 TESAT] 통화량 증가율,한국경제,2018-01-09 20:04,,
[MD포토] 셀비 '한박자 빠른 공격',마이데일리,2018-01-09 20:04,,
"[사진]화이트-브라운, '치열한 리바운드 경합'",OSEN,2018-01-09 20:04,,
"[사진]리베로 박종영,'놀라운 플라잉 디그'",OSEN,2018-01-09 20:04,,
"`전생에 웬수들` 父 한진희, 알 수 없는 검은 속내..최윤영 괜찮을까 [종합]",MK스포츠 ,2018-01-09 20:03,,
민병헌 `멋진 경기 보고 갑니다` [MK포토],MK스포츠 ,2018-01-09 20:03,,
태연 `깜짝 놀란 표정도 귀여워~` [MK포토],MK스포츠 ,2018-01-09 20:03,,
태연 `어마어마한 통굽에 탑승` [MK포토],MK스포츠 ,2018-01-09 20:03,,
도쿄 국립신미술관 전시와 비교해 보니… “일본전은 아카데믹… 한국전은 친밀하고 드라마적”,국민일보,2018-01-09 20:03,,
"[포토] 전자랜드 셀비, 골밑을 휘젓는 슛~!",스포츠서울,2018-01-09 20:03,,
"‘내남자의비밀’ 송창의, 박정아 자작극에 경악... CCTV 조작",TV리포트,2018-01-09 20:03,,
돌아온 박병호 “이장석 대표 전화에 복귀 결심”,데일리안,2018-01-09 20:03,,
INDIA PHOTO ESSAY YAMUNA RIVER POLLUTION,EPA연합뉴스,2018-01-09 20:02,,
INDIA PHOTO ESSAY YAMUNA RIVER POLLUTION,EPA연합뉴스,2018-01-09 20:02,,
"'내남자의비밀' 박철호, 박정아 거짓 임신 눈치…기서라 폭행 혐의 누명",뉴스1,2018-01-09 20:02,,
오늘의 주요뉴스,MBC 뉴스,2018-01-09 21:00,,
'둥지탈출2' 실수연발 그리스 여행… 황성재 잃어버린 패딩에 당황,헤럴드POP,2018-01-09 20:32,,
INDIA PHOTO ESSAY YAMUNA RIVER POLLUTION,EPA연합뉴스,2018-01-09 20:32,,
Cyprus Greece Missing Remains,AP연합뉴스,2018-01-09 20:32,,
"트럼프, 이번엔 엘살바도르 이민자 추방령",세계일보,2018-01-09 20:32,,
Cyprus Greece Missing Remains,AP연합뉴스,2018-01-09 20:32,,
"프랑스, 애플 ‘고의 성능 저하’ 수사",세계일보,2018-01-09 20:32,,
China Military Corruption,AP연합뉴스,2018-01-09 20:32,,
"이투스, 신규회원 대상 ‘전 강좌 7일 무료체험 이벤트’ 기간 연장",이데일리,2018-01-09 20:31,,
"MBC 보도국, 기자 전원 대상으로 취재 윤리 교육",미디어오늘,2018-01-09 20:31,,
"'내 남자의 비밀' 김다현, 박정아 자작극에 당한 강세정 구했다",한국일보,2018-01-09 20:31,,
"국토부, 분양권 전매 등 ‘불법행위 사례 2만 4천여 건 적발’",SBS CNBC,2018-01-09 20:31,,
듀크 `4연패가 아쉬워` [MK포토],MK스포츠 ,2018-01-09 20:31,,
이바나 `승리주역의 환한 웃음` [MK포토],MK스포츠 ,2018-01-09 20:31,,
"`내 남자의 비밀` 박정아, 악행의 끝은 결국 `거짓 유산` [종합]",MK스포츠 ,2018-01-09 20:31,,
[MD포토] 차바위 '리바운드 잡기 힘드네',마이데일리,2018-01-09 20:30,,
"[포토] 정효근, 내 공을 받아줘!",스포츠조선,2018-01-09 20:30,,
"세습파행 서울동남노회, 비상대책위원회 고소",노컷뉴스,2018-01-09 20:30,,
‘원 크라이(ONE CRY)’ 기도운동 열려,노컷뉴스,2018-01-09 20:30,,
"직장인 점심식사 메뉴, 3위 백반·2위구내식당·1위는?",스포츠경향,2018-01-09 20:30,,
오늘의 주요뉴스,MBC 뉴스,2018-01-09 21:00,,
[MD포토] 헤인즈 '우리는 환상의 호흡',마이데일리,2018-01-09 20:38,,
"[사진]최태웅 감독,'박주형! 잘했어'",OSEN,2018-01-09 20:38,,
이달 부동산 특별사법경찰 뜬다,세계일보,2018-01-09 20:38,,
[이얼싼 중국어 회화] 목표,세계일보,2018-01-09 20:38,,
시중 화폐 10장 중 8장은 '5만원권',세계일보,2018-01-09 20:38,,
"KT&G;, 궐련형 전자담배 4500원으로 인상",세계일보,2018-01-09 20:38,,
[시사일본어학원의 초단기 일본어 회화] 하필 주말에 하다니…,세계일보,2018-01-09 20:38,,
재계 역사 다시 쓴 삼성… '퀀텀 점프' 이어갈 수 있을까,세계일보,2018-01-09 20:37,,
[영단기 신토익 강의] PART 5,세계일보,2018-01-09 20:37,,
INDIA PHOTO ESSAY YAMUNA RIVER POLLUTION,EPA연합뉴스,2018-01-09 20:37,,
"소이현-인교진 부부, 둘째 딸 백일잔치 공개 “바르게 잘 키우겠습니다!”",서울신문,2018-01-09 20:37,,
"[SPO 톡] '승장' 김종민 감독, ""박정아, 전반기보다 떨어져 걱정""",스포티비뉴스,2018-01-09 20:37,,
짚과 대나무로 만든 꼬뿔소,로이터,2018-01-09 20:37,,
"삼성전자, 웃었다…반도체 분야, 만년 1위 인텔 벽 넘어",SBS CNBC,2018-01-09 20:37,,
"[앵커리포트] 종부세 비율, 상위 10%에 집중…강남 3구, 30% 차지",SBS CNBC,2018-01-09 20:37,,
"'JTBC 뉴스룸' 정세현 前 통일부 장관, 북한 평창올림픽 적극 참여 이유 전망",부산일보,2018-01-09 20:36,,
"김성태 ""北 위장 평화 공세…南 '닭 쫓던 개' 될 수도""",노컷뉴스,2018-01-09 20:36,,
"[포토] 헤인즈, 승리가 보인다!",스포츠조선,2018-01-09 20:36,,
"삼성·LG전자, 미래가전 주도권잡기 경쟁",세계일보,2018-01-09 20:36,,
"이철성 경찰청장 ""국정원 대공수사권 이관 무거운 책임감""",파이낸셜뉴스,2018-01-09 21:20,,
"검찰, 작년 위증사범 92명 적발",파이낸셜뉴스,2018-01-09 21:20,,
[전문] 남북 고위급 회담 공동보도문 3개항 채택,데일리안,2018-01-09 21:20,,
"[종합] 남북 공동보도문 채택…북, 평창올림픽 참가 확정",데일리안,2018-01-09 21:19,,
epaselect JAPAN SUMO,EPA연합뉴스,2018-01-09 21:19,,
[JB포토] 작전 지시하는 전자랜드 유도훈 감독,점프볼,2018-01-09 21:19,,
"[JB포토] 헤인즈의 블록 '셀비, 쉽지 않을거야'",점프볼,2018-01-09 21:19,,
튀니지서 경제 실책 묻는 반정부 시위···1명 사망,서울경제,2018-01-09 21:19,,
檢 “일감 구해줄께” 뒷돈 받은 건설사 임원 구속,서울경제,2018-01-09 21:19,,
[전문]남북고위급회담 공동보도문,뉴시스,2018-01-09 21:19,,
[포토]공동보도문 읽는 리선권 조평통 위원장,아시아경제,2018-01-09 21:19,,
"남북 고위급회담 종료회의, 발언하는 리선권 위원장",뉴스1,2018-01-09 21:19,,
남북고위급회담 종료회의 마친 조명균-리선권,뉴스1,2018-01-09 21:18,,
"남북, 北 대표단 평창 파견·군사당국회담 개최키로(종합)",머니S,2018-01-09 21:18,,
[전문]남북 고위급 회담 공동보도문,아시아경제,2018-01-09 21:18,,
"'다재다능 활약' 최준용 ""3점슛, 더 집중하려고 한다""",스포츠조선,2018-01-09 21:18,,
北 “확 드러내 놓고 하자” 돌출제안…의도는?,KBS 뉴스,2018-01-09 21:18,,
"'한밤' 류현진 ""배지현 남편으로서 속 썩이지 않겠다""",엑스포츠뉴스,2018-01-09 21:18,,
[인사] 한국국방연구원 외,세계일보,2018-01-09 21:18,,
'한밤' 낸시랭 남편 왕진진이 챙긴 '전자발찌 충전기' 역할,TV리포트,2018-01-09 21:18,,
"11시간 넘게 걸린 남북회담, 추가 고위급회담·군사회담도 합의",이데일리,2018-01-09 21:30,,
"'한밤' 문재인 대통령, 영화 '1987' 관람‥""울림 컸다""",OSEN,2018-01-09 21:30,,
"'5연승 끝' 김철수 감독, ""세터-리시브가 흔들렸다""",OSEN,2018-01-09 21:30,,
[인사] KB국민은행,조세일보,2018-01-09 21:30,,
"[V라이브 종합] 방탄소년단, 3도 김치대첩 위너는 제이홉X정국 깍두기",OSEN,2018-01-09 21:30,,
"최태웅 감독, ""5연승? 멋부리는 배구해선 안 돼""",OSEN,2018-01-09 21:30,,
종료 회의 마치고 악수 하는 남북,뉴시스,2018-01-09 21:30,,
"나란히 웃은 SK-KCC, 전반기 최소 3위 확보",MK스포츠 ,2018-01-09 21:29,,
남북 고위급 회담 공동보도문 전문,디지털타임스,2018-01-09 21:29,,
"'비스' 윤정수 ""김숙과 4개월 만에 재회… 지금도 SNS 프로필은 커플 사진""",엑스포츠뉴스,2018-01-09 21:29,,
(5th LD) Koreas-talks,연합뉴스,2018-01-09 21:29,,
'둥지탈출2' #페리 #글로벌미남 #바가지요금 #호박엿 (ft.캔디보이) (종합),헤럴드POP,2018-01-09 21:29,,
PHILIPPINES BELIEF FEAST OF THE BLACK NAZARENE,EPA연합뉴스,2018-01-09 21:29,,
PHILIPPINES BELIEF FEAST OF THE BLACK NAZARENE,EPA연합뉴스,2018-01-09 21:29,,
PHILIPPINES BELIEF FEAST OF THE BLACK NAZARENE,EPA연합뉴스,2018-01-09 21:29,,
[포토]공동보도문 교환하는 남과 북,아시아경제,2018-01-09 21:29,,
브리핑 하는 우리 측 수석대표 조명균 통일부 장관,연합뉴스,2018-01-09 21:29,,
남북 고위급회담 종료회의,뉴시스,2018-01-09 21:29,,
[벤치명암] ‘2연승’ 문경은 감독 “최준용은 슛이 없는 선수가 아냐”,점프볼,2018-01-09 21:29,,
"“CIA, 1959년 美 방문한 요르단 왕 접대 위해 여배우 준비”",KBS 뉴스,2018-01-09 21:29,,
ROMANIA EPIPHANY HOUSE BLESSING,EPA연합뉴스,2018-01-09 23:25,,
"김정숙 여사, 신년음악회 감상",연합뉴스,2018-01-09 23:24,,
"'절찬상영중' 성동일 ""이준혁, '미스터고' 고릴라 대역…韓 모션캡처 최고""",마이데일리,2018-01-09 23:23,,
"[별별TV]강호동 노래에 SM·YG 캐스팅 포기..유희열도 ""무서워""",스타뉴스,2018-01-09 23:23,,
"[부산 2대 '대심도 도로' 구체화] '송정~공항' 80분→30분, '만덕~센텀' 40분→10분",부산일보,2018-01-09 23:23,,
ROMANIA EPIPHANY HOUSE BLESSING,EPA연합뉴스,2018-01-09 23:23,,
[만덕~센텀 이어 두 번째] 김해신공항~해운대 제2 대심도 도로 뚫는다,부산일보,2018-01-09 23:23,,
신년음악회 참석한 김정숙 여사,연합뉴스,2018-01-09 23:23,,
"[프로농구] KCC, 에밋 없이도 모비스 격파...공동 2위",헤럴드경제,2018-01-09 23:22,,
신년음악회 참석한 김정숙 여사,연합뉴스,2018-01-09 23:22,,
[막영애16 동영상] 꿀벌이 사진 앞에 철든 승준 #담배 넣어둬 넣어둬,enews24,2018-01-09 23:22,,
"[아이스하키] 연세대 현역 이총현(체교15), 남희두(체교16) 평창올림픽 백지선호 소집",연세대학교 시스붐바,2018-01-09 23:22,,
"'그사이' 이준호·원진아, 서로를 더욱 그리워하다",엑스포츠뉴스,2018-01-09 23:22,,
"IOC ""北 평창 참가, 위대한 한 걸음…긍정적 논의할 것""",뉴스1,2018-01-09 23:21,,
공 토스 하는 도로공사 이효희,뉴스1,2018-01-09 23:21,,
GS 이나연 '막아라!',뉴스1,2018-01-09 23:21,,
이스타 항공 인천~이시가키 노선 1월 주 3회 ‘기간한정 운항’,스포츠경향,2018-01-09 23:21,,
숙박·항공 예약전문 앱 잘 아는 것과 달랐던 잘 쓰는 앱?,스포츠경향,2018-01-09 23:21,,
"'그사이' 윤세아 ""이준호 내 생명의 은인""",헤럴드POP,2018-01-09 23:21,,
SPAIN WEATHER,EPA연합뉴스,2018-01-09 23:21,,
"[포토]오마이걸 지효, 깜찍하게 V",스포츠서울,2018-01-10 00:18,,
'신서유기 외전' 위너X강식당 컬래버 '대화합의 장' (종합),스포츠서울,2018-01-10 00:18,,
"[포토]오마이걸 유아, '비밀정원' 포즈로!",스포츠서울,2018-01-10 00:18,,
[포토]풀세트 접전 끝에 GS칼텍스에 역전승한 도로공사,스포츠서울,2018-01-10 00:18,,
"[사설] ""나라가 온전해야 국민 자존 지킨다""가 위안부 문제 본질",한국경제,2018-01-10 00:18,,
[양봉진 저널] 어처구니 없는 맷돌,한국경제,2018-01-10 00:18,,
"‘불타는 청춘’ 이하늘, 이연수에 “손지창 형수님?” 농담···‘폭소’",서울경제,2018-01-10 00:17,,
"‘타마모’ 열풍, 음양사 대전 8단 이상 랭커의 식신 선호도 분석",게임메카,2018-01-10 00:17,,
"[美친box] ""매일 신기록"" '신과함께', '태극기 휘날리며' 꺾고 韓영화 10위",OSEN,2018-01-10 00:17,,
"[종합] '그사이' 나문희, 세상 떠날 준비…이준호 애원",엑스포츠뉴스,2018-01-10 00:17,,
"ABC마트, 지난해 판매 1위는 '반스 올드스쿨'...'베스트슈즈' 발표",부산일보,2018-01-10 00:17,,
"'EXID' LE, 환상적인 비키니 몸매…""화보 아니야?""",머니투데이,2018-01-10 00:17,,
“은지원 실성”... ‘강식당’ 마지막까지 정신없이 웃겼다[종합],TV리포트,2018-01-10 00:16,,
'쌍방 유감' 표명한 남북 수석대표...종결회의 막판 신경전,뉴시스,2018-01-10 00:16,,
"[CES 2018]상상 속 AI, 일상에 침투한다",아이뉴스24,2018-01-10 00:16,,
PAKISTAN-QUETTA-BLAST,신화사 연합뉴스,2018-01-10 00:16,,
Philippines Catholic Procession,AP연합뉴스,2018-01-10 00:16,,
Britain Royals,AP연합뉴스,2018-01-10 00:16,,
CHINA FRANCE DIPLOMACY,EPA연합뉴스,2018-01-10 00:16,,